TRADEDATE;YIELD
01.04.2008;8,14
02.04.2008;8,02
03.04.2008;8
04.04.2008;7,95
07.04.2008;8
08.04.2008;8,01
09.04.2008;7,99
10.04.2008;8
11.04.2008;7,99
14.04.2008;8
15.04.2008;7,98
16.04.2008;7,97
17.04.2008;7,97
18.04.2008;7,95
21.04.2008;7,95
22.04.2008;7,92
23.04.2008;7,94
24.04.2008;7,93
25.04.2008;7,94
28.04.2008;7,96
29.04.2008;7,98
30.04.2008;7,9
04.05.2008;7,97
05.05.2008;7,97
06.05.2008;7,94
07.05.2008;7,94
08.05.2008;7,94
12.05.2008;7,94
13.05.2008;7,99
14.05.2008;7,98
15.05.2008;7,99
16.05.2008;8
19.05.2008;7,99
20.05.2008;8,01
21.05.2008;8
22.05.2008;7,97
23.05.2008;7,97
26.05.2008;7,96
27.05.2008;7,96
28.05.2008;7,97
29.05.2008;7,96
30.05.2008;7,9
02.06.2008;7,94
03.06.2008;7,98
04.06.2008;8
05.06.2008;8,02
06.06.2008;8,04
07.06.2008;8,04
09.06.2008;8,02
10.06.2008;8,03
11.06.2008;8,03
16.06.2008;8
17.06.2008;8,05
18.06.2008;8,04
19.06.2008;8,04
20.06.2008;8,05
23.06.2008;8,02
24.06.2008;8,03
25.06.2008;8,04
26.06.2008;8,12
27.06.2008;8,21
30.06.2008;8,14
01.07.2008;8,21
02.07.2008;8,18
03.07.2008;8,28
04.07.2008;8,25
07.07.2008;8,31
08.07.2008;8,29
09.07.2008;8,37
10.07.2008;8,39
11.07.2008;8,42
14.07.2008;8,45
15.07.2008;8,46
16.07.2008;8,49
17.07.2008;8,46
18.07.2008;8,52
21.07.2008;8,49
22.07.2008;8,62
23.07.2008;8,63
24.07.2008;8,61
25.07.2008;8,69
28.07.2008;8,61
29.07.2008;8,63
30.07.2008;8,88
31.07.2008;8,79
01.08.2008;8,8
04.08.2008;9,04
05.08.2008;9,03
06.08.2008;8,99
07.08.2008;9,02
08.08.2008;9,09
11.08.2008;9,2
12.08.2008;9,16
13.08.2008;9,14
14.08.2008;9,1
15.08.2008;9,22
18.08.2008;9,25
19.08.2008;9,33
20.08.2008;9,25
21.08.2008;9,24
22.08.2008;9,26
25.08.2008;9,23
26.08.2008;9,63
27.08.2008;9,59
28.08.2008;9,54
29.08.2008;9,58
01.09.2008;9,33
02.09.2008;9,35
03.09.2008;9,69
04.09.2008;10,15
05.09.2008;10,31
08.09.2008;9,8
09.09.2008;10,31
10.09.2008;9,75
11.09.2008;9,87
12.09.2008;9,79
15.09.2008;9,81
16.09.2008;10,33
17.09.2008;10,34
18.09.2008;10,34
19.09.2008;10,83
22.09.2008;10,46
23.09.2008;10,19
24.09.2008;10,02
25.09.2008;10,48
26.09.2008;10,8
29.09.2008;10,62
30.09.2008;10,39
01.10.2008;10,44
02.10.2008;10,28
03.10.2008;10,54
06.10.2008;10,51
07.10.2008;10,91
08.10.2008;10,98
09.10.2008;10,98
10.10.2008;10,78
13.10.2008;11,25
14.10.2008;11,37
15.10.2008;11,61
16.10.2008;11,64
17.10.2008;11,85
20.10.2008;12,29
21.10.2008;12,27
22.10.2008;12,09
23.10.2008;12,26
24.10.2008;13,59
27.10.2008;12,16
28.10.2008;12,68
29.10.2008;12,82
30.10.2008;12,92
31.10.2008;13,37
01.11.2008;13,7
05.11.2008;12,93
06.11.2008;13,37
07.11.2008;14,63
10.11.2008;14,83
11.11.2008;14,59
12.11.2008;13,87
13.11.2008;14,53
14.11.2008;14,17
17.11.2008;14,14
18.11.2008;13,78
19.11.2008;14,7
20.11.2008;13,45
21.11.2008;13,53
24.11.2008;13,08
25.11.2008;13,79
26.11.2008;14,01
27.11.2008;13,77
28.11.2008;14,66
01.12.2008;15,87
02.12.2008;14,95
03.12.2008;15,58
04.12.2008;15,71
05.12.2008;16,57
08.12.2008;16,58
09.12.2008;16,18
10.12.2008;16,55
11.12.2008;17,35
12.12.2008;17,74
15.12.2008;17,85
16.12.2008;17,96
17.12.2008;17,68
18.12.2008;18,21
19.12.2008;20,54
22.12.2008;19,84
23.12.2008;19,41
24.12.2008;18,64
25.12.2008;17,71
26.12.2008;17,76
29.12.2008;18,01
30.12.2008;19,09
31.12.2008;17,76
11.01.2009;19,08
12.01.2009;19,35
13.01.2009;19,88
14.01.2009;19,27
15.01.2009;19,35
16.01.2009;19,4
19.01.2009;19,38
20.01.2009;19,59
21.01.2009;19,74
22.01.2009;20,38
23.01.2009;20,34
26.01.2009;20,41
27.01.2009;20,83
28.01.2009;21,34
29.01.2009;21,17
30.01.2009;18,67
02.02.2009;20,66
03.02.2009;20,87
04.02.2009;20,97
05.02.2009;22,26
06.02.2009;20,89
09.02.2009;22,33
10.02.2009;22,2
11.02.2009;22,25
12.02.2009;22,51
13.02.2009;22,19
16.02.2009;22,61
17.02.2009;22,63
18.02.2009;22,66
19.02.2009;22,82
20.02.2009;23,32
24.02.2009;23,15
25.02.2009;22,67
26.02.2009;22
27.02.2009;21,64
02.03.2009;23,11
03.03.2009;22,98
04.03.2009;23,81
05.03.2009;23,51
06.03.2009;23,27
10.03.2009;23,18
11.03.2009;23,43
12.03.2009;23,16
13.03.2009;24,21
16.03.2009;24,18
17.03.2009;23,05
18.03.2009;22,45
19.03.2009;23,04
20.03.2009;22,09
23.03.2009;21,64
24.03.2009;21,5
25.03.2009;20,63
26.03.2009;20,04
27.03.2009;19,37
30.03.2009;19,47
31.03.2009;18,84
01.04.2009;19,21
02.04.2009;19,07
03.04.2009;19,27
06.04.2009;19,28
07.04.2009;18,92
08.04.2009;18,96
09.04.2009;19,16
10.04.2009;18,37
13.04.2009;18,14
14.04.2009;18,42
15.04.2009;18,25
16.04.2009;18,09
17.04.2009;17,77
20.04.2009;17,85
21.04.2009;18,22
22.04.2009;17,25
23.04.2009;16,89
24.04.2009;16,9
27.04.2009;16,86
28.04.2009;16,93
29.04.2009;16,74
30.04.2009;16,05
04.05.2009;15,95
05.05.2009;16,14
06.05.2009;15,87
07.05.2009;15,98
08.05.2009;15,75
12.05.2009;15,69
13.05.2009;15,74
14.05.2009;15,85
15.05.2009;15,94
18.05.2009;15,93
19.05.2009;15,99
20.05.2009;16,05
21.05.2009;15,94
22.05.2009;15,83
25.05.2009;15,86
26.05.2009;15,85
27.05.2009;15,82
28.05.2009;15,86
29.05.2009;15,37
01.06.2009;15,43
02.06.2009;15,34
03.06.2009;15,26
04.06.2009;15,37
05.06.2009;15,38
08.06.2009;15,31
09.06.2009;15,35
10.06.2009;15,32
11.06.2009;15,28
15.06.2009;15,79
16.06.2009;15,19
17.06.2009;15,71
18.06.2009;15,47
19.06.2009;15,6
22.06.2009;15,52
23.06.2009;15,43
24.06.2009;15,48
25.06.2009;15,85
26.06.2009;15,59
29.06.2009;15,6
30.06.2009;15,32
01.07.2009;15,36
02.07.2009;15,55
03.07.2009;15,58
06.07.2009;15,45
07.07.2009;15,33
08.07.2009;15,4
09.07.2009;15,4
10.07.2009;15,37
13.07.2009;15,56
14.07.2009;15,39
15.07.2009;15,21
16.07.2009;15,26
17.07.2009;15,32
20.07.2009;15,28
21.07.2009;15,11
22.07.2009;14,96
23.07.2009;14,88
24.07.2009;14,77
27.07.2009;14,78
28.07.2009;14,67
29.07.2009;14,62
30.07.2009;14,57
31.07.2009;14,58
03.08.2009;14,89
04.08.2009;14,79
05.08.2009;14,32
06.08.2009;14,25
07.08.2009;14,41
10.08.2009;14,35
11.08.2009;14,36
12.08.2009;14,47
13.08.2009;14,48
14.08.2009;14,32
17.08.2009;14,78
18.08.2009;14,83
19.08.2009;15,3
20.08.2009;14,62
21.08.2009;14,63
24.08.2009;14,58
25.08.2009;14,63
26.08.2009;14,61
27.08.2009;14,49
28.08.2009;14,44
31.08.2009;14,46
01.09.2009;14,46
02.09.2009;14,5
03.09.2009;14,43
04.09.2009;14,33
07.09.2009;14,26
08.09.2009;14,2
09.09.2009;14,36
10.09.2009;14,5
11.09.2009;13,93
14.09.2009;13,91
15.09.2009;13,72
16.09.2009;13,83
17.09.2009;13,7
18.09.2009;13,68
21.09.2009;13,76
22.09.2009;13,84
23.09.2009;13,93
24.09.2009;14,13
25.09.2009;14,11
28.09.2009;14,65
29.09.2009;14,08
30.09.2009;14,06
01.10.2009;13,87
02.10.2009;13,77
05.10.2009;13,75
06.10.2009;13,12
07.10.2009;12,84
08.10.2009;12,63
09.10.2009;12,61
12.10.2009;12,53
13.10.2009;11,74
14.10.2009;11,61
15.10.2009;11,56
16.10.2009;11,34
19.10.2009;11,44
20.10.2009;11,76
21.10.2009;11,71
22.10.2009;11,72
23.10.2009;11,48
26.10.2009;11,47
27.10.2009;11,72
28.10.2009;11,87
29.10.2009;11,93
30.10.2009;11,87
02.11.2009;12,12
03.11.2009;12,2
05.11.2009;12,1
06.11.2009;12,06
09.11.2009;11,93
10.11.2009;11,85
11.11.2009;11,75
12.11.2009;11,61
13.11.2009;11,46
16.11.2009;11,52
17.11.2009;11,3
18.11.2009;11,13
19.11.2009;11,14
20.11.2009;11,2
23.11.2009;11,13
24.11.2009;11
25.11.2009;10,87
26.11.2009;11
27.11.2009;11,11
30.11.2009;10,82
01.12.2009;10,61
02.12.2009;10,53
03.12.2009;10,75
04.12.2009;10,95
07.12.2009;10,95
08.12.2009;11,22
09.12.2009;11,4
10.12.2009;11,39
11.12.2009;11,25
14.12.2009;11,47
15.12.2009;11,34
16.12.2009;11,12
17.12.2009;11,21
18.12.2009;11,15
21.12.2009;11,26
22.12.2009;11,25
23.12.2009;11,1
24.12.2009;11,01
25.12.2009;11,16
28.12.2009;11,04
29.12.2009;10,72
30.12.2009;10,75
31.12.2009;10,55
11.01.2010;10,76
12.01.2010;10,76
13.01.2010;10,89
14.01.2010;10,69
15.01.2010;10,52
18.01.2010;10,42
19.01.2010;10,28
20.01.2010;10,08
21.01.2010;10,15
22.01.2010;10,27
25.01.2010;10,13
26.01.2010;9,88
27.01.2010;9,95
28.01.2010;9,91
29.01.2010;9,89
01.02.2010;10,15
02.02.2010;10,05
03.02.2010;9,93
04.02.2010;9,87
05.02.2010;10,02
08.02.2010;10
09.02.2010;10,01
10.02.2010;9,89
11.02.2010;9,92
12.02.2010;9,84
15.02.2010;9,78
16.02.2010;9,81
17.02.2010;9,66
18.02.2010;9,54
19.02.2010;9,52
24.02.2010;9,55
25.02.2010;9,61
26.02.2010;9,48
27.02.2010;9,5
01.03.2010;9,54
02.03.2010;9,32
03.03.2010;9,14
04.03.2010;9
05.03.2010;8,97
09.03.2010;8,92
10.03.2010;8,94
11.03.2010;8,75
12.03.2010;8,54
15.03.2010;8,53
16.03.2010;8,61
17.03.2010;8,46
18.03.2010;8,38
19.03.2010;8,43
22.03.2010;8,35
23.03.2010;8,35
24.03.2010;8,31
25.03.2010;8,27
26.03.2010;8,23
29.03.2010;8,25
30.03.2010;8,09
31.03.2010;8,14
01.04.2010;8,2
02.04.2010;8,03
05.04.2010;8,54
06.04.2010;8,47
07.04.2010;8,02
08.04.2010;7,99
09.04.2010;7,98
12.04.2010;7,89
13.04.2010;7,96
14.04.2010;7,96
15.04.2010;7,9
16.04.2010;7,97
19.04.2010;8,02
20.04.2010;8,02
21.04.2010;8,04
22.04.2010;8,09
23.04.2010;8,12
26.04.2010;8,13
27.04.2010;8,26
28.04.2010;8,34
29.04.2010;8,28
30.04.2010;8,2
04.05.2010;8,24
05.05.2010;8,56
06.05.2010;8,62
07.05.2010;8,86
11.05.2010;8,83
12.05.2010;8,57
13.05.2010;8,5
14.05.2010;8,44
17.05.2010;8,54
18.05.2010;8,39
19.05.2010;8,41
20.05.2010;8,47
21.05.2010;8,52
24.05.2010;8,47
25.05.2010;8,55
26.05.2010;8,51
27.05.2010;8,39
28.05.2010;8,31
31.05.2010;8,14
01.06.2010;8,16
02.06.2010;8,12
03.06.2010;8,09
04.06.2010;8
07.06.2010;7,98
08.06.2010;7,94
09.06.2010;7,92
10.06.2010;7,83
11.06.2010;7,71
15.06.2010;7,7
16.06.2010;7,65
17.06.2010;7,61
18.06.2010;7,58
21.06.2010;7,47
22.06.2010;7,48
23.06.2010;7,41
24.06.2010;7,41
25.06.2010;7,47
28.06.2010;7,51
29.06.2010;7,5
30.06.2010;7,37
01.07.2010;7,61
02.07.2010;7,6
05.07.2010;7,56
06.07.2010;7,45
07.07.2010;7,44
08.07.2010;7,41
09.07.2010;7,45
12.07.2010;7,31
13.07.2010;7,35
14.07.2010;7,34
15.07.2010;7,35
16.07.2010;7,31
19.07.2010;7,37
20.07.2010;7,35
21.07.2010;7,35
22.07.2010;7,29
23.07.2010;7,27
26.07.2010;7,27
27.07.2010;7,29
28.07.2010;7,16
29.07.2010;7,21
30.07.2010;7,24
02.08.2010;7,32
03.08.2010;7,26
04.08.2010;7,19
05.08.2010;7,24
06.08.2010;7,16
09.08.2010;7,08
10.08.2010;7,16
11.08.2010;7,18
12.08.2010;7,2
13.08.2010;7,18
16.08.2010;7,21
17.08.2010;7,16
18.08.2010;7,19
19.08.2010;7,21
20.08.2010;7,27
23.08.2010;7,24
24.08.2010;7,38
25.08.2010;7,41
26.08.2010;7,39
27.08.2010;7,53
30.08.2010;7,47
31.08.2010;7,39
01.09.2010;7,36
02.09.2010;7,38
03.09.2010;7,38
06.09.2010;7,45
07.09.2010;7,28
08.09.2010;7,26
09.09.2010;7,27
10.09.2010;7,25
13.09.2010;7,3
14.09.2010;7,32
15.09.2010;7,28
16.09.2010;7,28
17.09.2010;7,21
20.09.2010;7,31
21.09.2010;7,3
22.09.2010;7,36
23.09.2010;7,37
24.09.2010;7,27
27.09.2010;7,31
28.09.2010;7,29
29.09.2010;7,28
30.09.2010;7,24
01.10.2010;7,29
04.10.2010;7,25
05.10.2010;7,21
06.10.2010;7,21
07.10.2010;7,17
08.10.2010;7,16
11.10.2010;7,13
12.10.2010;7,1
13.10.2010;7
14.10.2010;7,01
15.10.2010;7,01
18.10.2010;7,02
19.10.2010;7,03
20.10.2010;7,09
21.10.2010;7,09
22.10.2010;7,32
25.10.2010;7,29
26.10.2010;7,29
27.10.2010;7,17
28.10.2010;7,23
29.10.2010;7,12
01.11.2010;7,23
02.11.2010;7,19
03.11.2010;7,16
08.11.2010;7,26
09.11.2010;7,31
10.11.2010;7,31
11.11.2010;7,31
12.11.2010;7,26
13.11.2010;7,23
15.11.2010;7,26
16.11.2010;7,36
17.11.2010;7,3
18.11.2010;7,35
19.11.2010;7,4
22.11.2010;7,35
23.11.2010;7,22
24.11.2010;7,36
25.11.2010;7,35
26.11.2010;7,31
29.11.2010;7,39
30.11.2010;7,38
01.12.2010;7,38
02.12.2010;7,38
03.12.2010;7,4
06.12.2010;7,4
07.12.2010;7,43
08.12.2010;7,41
09.12.2010;7,45
10.12.2010;7,57
13.12.2010;7,58
14.12.2010;7,61
15.12.2010;7,74
16.12.2010;7,64
17.12.2010;7,71
20.12.2010;7,7
21.12.2010;7,64
22.12.2010;7,63
23.12.2010;7,65
24.12.2010;7,57
27.12.2010;7,6
28.12.2010;7,53
29.12.2010;7,64
30.12.2010;7,5
11.01.2011;7,47
12.01.2011;7,43
13.01.2011;7,42
14.01.2011;7,39
17.01.2011;7,36
18.01.2011;7,36
19.01.2011;7,36
20.01.2011;7,32
21.01.2011;7,3
24.01.2011;7,32
25.01.2011;7,33
26.01.2011;7,37
27.01.2011;7,41
28.01.2011;7,36
31.01.2011;7,35
01.02.2011;7,38
02.02.2011;7,39
03.02.2011;7,37
04.02.2011;7,37
07.02.2011;7,34
08.02.2011;7,34
09.02.2011;7,32
10.02.2011;7,31
11.02.2011;7,31
14.02.2011;7,28
15.02.2011;7,3
16.02.2011;7,26
17.02.2011;7,28
18.02.2011;7,26
21.02.2011;7,31
22.02.2011;7,29
24.02.2011;7,26
25.02.2011;7,25
28.02.2011;7,27
01.03.2011;7,23
02.03.2011;7,24
03.03.2011;7,23
04.03.2011;7,22
05.03.2011;7,22
09.03.2011;7,19
10.03.2011;7,19
11.03.2011;7,18
14.03.2011;7,16
15.03.2011;7,16
16.03.2011;7,14
17.03.2011;7,14
18.03.2011;7,14
21.03.2011;7,3
22.03.2011;7,56
23.03.2011;7,53
24.03.2011;7,54
25.03.2011;7,53
28.03.2011;7,51
29.03.2011;7,5
30.03.2011;7,48
31.03.2011;7,42
01.04.2011;7,39
04.04.2011;7,4
05.04.2011;7,33
06.04.2011;7,29
07.04.2011;7,27
08.04.2011;7,25
11.04.2011;7,24
12.04.2011;7,22
13.04.2011;7,2
14.04.2011;7,4
15.04.2011;7,49
18.04.2011;7,46
19.04.2011;6,99
20.04.2011;6,98
21.04.2011;6,92
22.04.2011;6,88
25.04.2011;6,82
26.04.2011;6,84
27.04.2011;6,79
28.04.2011;6,79
29.04.2011;6,82
03.05.2011;6,82
04.05.2011;7,04
05.05.2011;7,06
06.05.2011;7,27
10.05.2011;7,14
11.05.2011;7,07
12.05.2011;7,06
13.05.2011;7,05
16.05.2011;7,04
17.05.2011;7,08
18.05.2011;7,08
19.05.2011;7,07
20.05.2011;7,07
23.05.2011;7,09
24.05.2011;7,06
25.05.2011;7,06
26.05.2011;7,05
27.05.2011;7,17
30.05.2011;7,16
31.05.2011;7,19
01.06.2011;7,19
02.06.2011;7,17
03.06.2011;7,16
06.06.2011;7,15
07.06.2011;7,15
08.06.2011;7,13
09.06.2011;7,12
10.06.2011;7,11
14.06.2011;7
15.06.2011;6,98
16.06.2011;6,97
17.06.2011;6,97
20.06.2011;6,97
21.06.2011;6,96
22.06.2011;6,96
23.06.2011;6,99
24.06.2011;7,02
27.06.2011;6,99
28.06.2011;6,97
29.06.2011;6,96
30.06.2011;6,95
01.07.2011;6,96
04.07.2011;6,93
05.07.2011;6,93
06.07.2011;6,9
07.07.2011;6,92
08.07.2011;6,91
11.07.2011;6,9
12.07.2011;6,89
13.07.2011;6,88
14.07.2011;6,88
15.07.2011;6,87
18.07.2011;6,86
19.07.2011;6,84
20.07.2011;6,84
21.07.2011;6,85
22.07.2011;6,83
25.07.2011;6,82
26.07.2011;6,82
27.07.2011;6,82
28.07.2011;6,82
29.07.2011;6,81
01.08.2011;6,86
02.08.2011;6,87
03.08.2011;6,83
04.08.2011;6,83
05.08.2011;6,83
08.08.2011;6,9
09.08.2011;6,99
10.08.2011;7,03
11.08.2011;7,25
12.08.2011;7,39
15.08.2011;7,35
16.08.2011;7,37
17.08.2011;7,35
18.08.2011;7,32
19.08.2011;7,39
22.08.2011;7,4
23.08.2011;7,39
24.08.2011;7,35
25.08.2011;7,41
26.08.2011;7,41
29.08.2011;7,5
30.08.2011;7,47
31.08.2011;7,38
01.09.2011;7,41
02.09.2011;7,42
05.09.2011;7,42
06.09.2011;7,42
07.09.2011;7,42
08.09.2011;7,41
09.09.2011;7,42
12.09.2011;7,42
13.09.2011;7,41
14.09.2011;7,42
15.09.2011;7,42
16.09.2011;7,43
19.09.2011;7,43
20.09.2011;7,45
21.09.2011;7,47
22.09.2011;7,51
23.09.2011;7,8
26.09.2011;7,76
27.09.2011;7,63
28.09.2011;7,29
29.09.2011;7,29
30.09.2011;7,01
03.10.2011;7,29
04.10.2011;8,07
05.10.2011;8,13
06.10.2011;8,18
07.10.2011;8,13
10.10.2011;8,13
11.10.2011;8,13
12.10.2011;7,85
13.10.2011;7,86
14.10.2011;8,09
17.10.2011;8,09
18.10.2011;8,1
19.10.2011;8,05
20.10.2011;8,07
21.10.2011;8,15
24.10.2011;8,15
25.10.2011;8,08
26.10.2011;8,08
27.10.2011;8,03
28.10.2011;8,03
31.10.2011;7,9
01.11.2011;7,9
02.11.2011;7,99
03.11.2011;8
07.11.2011;7,93
08.11.2011;7,94
09.11.2011;7,94
10.11.2011;7,96
11.11.2011;7,95
14.11.2011;7,95
15.11.2011;7,91
16.11.2011;8
17.11.2011;7,93
18.11.2011;8,05
21.11.2011;8,03
22.11.2011;8,01
23.11.2011;8,02
24.11.2011;8,03
25.11.2011;8,06
28.11.2011;8,02
29.11.2011;8,03
30.11.2011;8,15
01.12.2011;8,03
02.12.2011;8
05.12.2011;8,1
06.12.2011;8,11
07.12.2011;8,11
08.12.2011;8,13
09.12.2011;8,18
12.12.2011;8,2
13.12.2011;8,21
14.12.2011;8,27
15.12.2011;8,3
16.12.2011;8,3
19.12.2011;8,3
20.12.2011;8,19
21.12.2011;8,2
22.12.2011;8,27
23.12.2011;8,28
26.12.2011;8,3
27.12.2011;8,16
28.12.2011;8,11
29.12.2011;8,19
30.12.2011;8,2
03.01.2012;8,19
04.01.2012;8,19
05.01.2012;8,19
06.01.2012;8,19
09.01.2012;8,18
10.01.2012;8,08
11.01.2012;8,08
12.01.2012;8,11
13.01.2012;8,13
16.01.2012;8,12
17.01.2012;8,14
18.01.2012;8,13
19.01.2012;8,06
20.01.2012;8,05
23.01.2012;8,03
24.01.2012;8,02
25.01.2012;8,02
26.01.2012;8,09
27.01.2012;8,11
30.01.2012;8,1
31.01.2012;8,23
01.02.2012;8,25
02.02.2012;8,06
03.02.2012;8,06
06.02.2012;8,09
07.02.2012;7,93
08.02.2012;7,97
09.02.2012;8,04
10.02.2012;8,14
13.02.2012;8,11
14.02.2012;8,09
15.02.2012;8,05
16.02.2012;8,03
17.02.2012;8,03
20.02.2012;8,01
21.02.2012;8,02
22.02.2012;8,09
24.02.2012;8,06
27.02.2012;8
28.02.2012;8,03
29.02.2012;8,33
01.03.2012;8,29
02.03.2012;8,3
05.03.2012;8,32
06.03.2012;8,34
07.03.2012;8,35
11.03.2012;8,17
12.03.2012;8,04
13.03.2012;8,01
14.03.2012;8
15.03.2012;7,77
16.03.2012;8,04
19.03.2012;8,04
20.03.2012;8,04
21.03.2012;8,04
22.03.2012;8,05
23.03.2012;8,05
26.03.2012;8,02
27.03.2012;8,02
28.03.2012;8,02
29.03.2012;7,99
30.03.2012;7,95
02.04.2012;7,93
03.04.2012;7,94
04.04.2012;7,98
05.04.2012;7,96
06.04.2012;7,98
09.04.2012;7,97
10.04.2012;7,97
11.04.2012;7,97
12.04.2012;7,96
13.04.2012;7,95
16.04.2012;7,94
17.04.2012;7,94
18.04.2012;7,94
19.04.2012;7,92
20.04.2012;7,93
23.04.2012;7,91
24.04.2012;7,97
25.04.2012;7,97
26.04.2012;7,94
27.04.2012;7,93
28.04.2012;7,92
02.05.2012;8,07
03.05.2012;8,05
04.05.2012;8,01
05.05.2012;7,98
07.05.2012;7,98
08.05.2012;7,97
10.05.2012;7,98
11.05.2012;7,98
12.05.2012;7,98
14.05.2012;7,99
15.05.2012;8,04
16.05.2012;8,06
17.05.2012;8,03
18.05.2012;8,19
21.05.2012;8,19
22.05.2012;8,2
23.05.2012;8,25
24.05.2012;8,28
25.05.2012;8,29
28.05.2012;8,29
29.05.2012;8,3
30.05.2012;8,29
31.05.2012;8,19
01.06.2012;8,2
04.06.2012;8,19
05.06.2012;8,2
06.06.2012;8,26
07.06.2012;8,25
08.06.2012;8,33
09.06.2012;8,32
13.06.2012;8,41
14.06.2012;8,42
15.06.2012;8,4
18.06.2012;8,39
19.06.2012;8,39
20.06.2012;8,43
21.06.2012;8,41
22.06.2012;8,41
25.06.2012;8,43
26.06.2012;8,43
27.06.2012;8,37
28.06.2012;8,43
29.06.2012;8,43
02.07.2012;8,42
03.07.2012;8,41
04.07.2012;8,44
05.07.2012;8,45
06.07.2012;8,44
09.07.2012;8,4
10.07.2012;8,38
11.07.2012;8,36
12.07.2012;8,35
13.07.2012;8,34
16.07.2012;8,32
17.07.2012;8,3
18.07.2012;8,27
19.07.2012;8,24
20.07.2012;8,23
23.07.2012;8,22
24.07.2012;8,24
25.07.2012;8,24
26.07.2012;8,22
27.07.2012;8,22
30.07.2012;8,23
31.07.2012;8,23
01.08.2012;8,36
02.08.2012;8,36
03.08.2012;8,35
06.08.2012;8,34
07.08.2012;8,38
08.08.2012;8,37
09.08.2012;8,34
10.08.2012;8,39
13.08.2012;8,39
14.08.2012;8,4
15.08.2012;8,34
16.08.2012;8,34
17.08.2012;8,35
20.08.2012;8,34
21.08.2012;8,35
22.08.2012;8,35
23.08.2012;8,35
24.08.2012;8,36
27.08.2012;8,31
28.08.2012;8,37
29.08.2012;8,4
30.08.2012;8,41
31.08.2012;8,37
03.09.2012;8,42
04.09.2012;8,39
05.09.2012;8,42
06.09.2012;8,37
07.09.2012;8,35
10.09.2012;8,45
11.09.2012;8,43
12.09.2012;8,41
13.09.2012;8,4
14.09.2012;8,4
17.09.2012;8,4
18.09.2012;8,39
19.09.2012;8,37
20.09.2012;8,37
21.09.2012;8,38
24.09.2012;8,33
25.09.2012;8,23
26.09.2012;8,23
27.09.2012;8,22
28.09.2012;8,2
01.10.2012;8,19
02.10.2012;8,18
03.10.2012;8,18
04.10.2012;8,18
05.10.2012;8,18
08.10.2012;8,19
09.10.2012;8,21
10.10.2012;8,21
11.10.2012;8,21
12.10.2012;8,2
15.10.2012;8,2
16.10.2012;8,19
17.10.2012;8,18
18.10.2012;8,18
19.10.2012;8,19
22.10.2012;8,18
23.10.2012;8,19
24.10.2012;8,22
25.10.2012;8,21
26.10.2012;8,22
29.10.2012;8,22
30.10.2012;8,22
31.10.2012;8,25
01.11.2012;8,39
02.11.2012;8,37
06.11.2012;8,37
07.11.2012;8,37
08.11.2012;8,39
09.11.2012;8,39
12.11.2012;8,38
13.11.2012;8,4
14.11.2012;8,41
15.11.2012;8,4
16.11.2012;8,4
19.11.2012;8,47
20.11.2012;8,46
21.11.2012;8,45
22.11.2012;8,43
23.11.2012;8,44
26.11.2012;8,44
27.11.2012;8,43
28.11.2012;8,44
29.11.2012;8,45
30.11.2012;8,45
03.12.2012;8,44
04.12.2012;8,41
05.12.2012;8,41
06.12.2012;8,39
07.12.2012;8,37
10.12.2012;8,38
11.12.2012;8,37
12.12.2012;8,36
13.12.2012;8,35
14.12.2012;8,33
17.12.2012;8,33
18.12.2012;8,32
19.12.2012;8,32
20.12.2012;8,31
21.12.2012;8,31
24.12.2012;8,3
25.12.2012;8,34
26.12.2012;8,3
27.12.2012;8,29
28.12.2012;8,17
08.01.2013;8,15
09.01.2013;8,15
10.01.2013;8,14
11.01.2013;8,13
14.01.2013;8,1
15.01.2013;8,1
16.01.2013;8,06
17.01.2013;8,02
18.01.2013;8,04
21.01.2013;8,08
22.01.2013;8,05
23.01.2013;8,05
24.01.2013;8,05
25.01.2013;8,03
28.01.2013;8,03
29.01.2013;8,01
30.01.2013;7,99
31.01.2013;7,97
01.02.2013;7,97
04.02.2013;7,97
05.02.2013;7,96
06.02.2013;7,95
07.02.2013;7,95
08.02.2013;7,94
11.02.2013;7,92
12.02.2013;7,9
13.02.2013;7,88
14.02.2013;7,84
15.02.2013;7,83
18.02.2013;7,82
19.02.2013;7,8
20.02.2013;7,81
21.02.2013;7,8
22.02.2013;7,81
25.02.2013;7,81
26.02.2013;7,83
27.02.2013;7,83
28.02.2013;7,8
01.03.2013;7,8
04.03.2013;7,79
05.03.2013;7,79
06.03.2013;7,79
07.03.2013;7,77
11.03.2013;7,78
12.03.2013;7,78
13.03.2013;7,78
14.03.2013;7,8
15.03.2013;7,79
18.03.2013;7,79
19.03.2013;7,8
20.03.2013;7,83
21.03.2013;7,85
22.03.2013;7,86
25.03.2013;7,85
26.03.2013;7,87
27.03.2013;7,87
28.03.2013;7,87
29.03.2013;7,86
01.04.2013;7,87
02.04.2013;7,86
03.04.2013;7,85
04.04.2013;7,83
05.04.2013;7,82
08.04.2013;7,8
09.04.2013;7,78
10.04.2013;7,79
11.04.2013;7,77
12.04.2013;7,76
15.04.2013;7,75
16.04.2013;7,77
17.04.2013;7,77
18.04.2013;7,77
19.04.2013;7,76
22.04.2013;7,74
23.04.2013;7,74
24.04.2013;7,74
25.04.2013;7,74
26.04.2013;7,72
29.04.2013;7,72
30.04.2013;7,71
02.05.2013;7,78
03.05.2013;7,77
06.05.2013;7,76
07.05.2013;7,76
08.05.2013;7,74
10.05.2013;7,74
13.05.2013;7,7
14.05.2013;7,7
15.05.2013;7,67
16.05.2013;7,67
17.05.2013;7,66
20.05.2013;7,66
21.05.2013;7,66
22.05.2013;7,66
23.05.2013;7,66
24.05.2013;7,64
27.05.2013;7,63
28.05.2013;7,67
29.05.2013;7,67
30.05.2013;7,67
31.05.2013;7,66
03.06.2013;7,64
04.06.2013;7,66
05.06.2013;7,67
06.06.2013;7,66
07.06.2013;7,66
10.06.2013;7,65
11.06.2013;7,71
13.06.2013;7,71
14.06.2013;7,7
17.06.2013;7,76
18.06.2013;7,74
19.06.2013;7,74
20.06.2013;7,74
21.06.2013;7,75
24.06.2013;7,76
25.06.2013;7,77
26.06.2013;7,79
27.06.2013;7,78
28.06.2013;7,8
01.07.2013;7,82
02.07.2013;7,82
03.07.2013;7,79
04.07.2013;7,78
05.07.2013;7,78
08.07.2013;7,81
09.07.2013;7,81
10.07.2013;7,81
11.07.2013;7,81
12.07.2013;7,81
15.07.2013;7,8
16.07.2013;7,8
17.07.2013;7,78
18.07.2013;7,78
19.07.2013;7,76
22.07.2013;7,75
23.07.2013;7,75
24.07.2013;7,75
25.07.2013;7,74
26.07.2013;7,74
29.07.2013;7,73
30.07.2013;7,73
31.07.2013;7,71
01.08.2013;7,82
02.08.2013;7,81
05.08.2013;7,8
06.08.2013;7,79
07.08.2013;7,79
08.08.2013;7,78
09.08.2013;7,77
12.08.2013;7,76
13.08.2013;7,76
14.08.2013;7,76
15.08.2013;7,75
16.08.2013;7,76
19.08.2013;7,75
20.08.2013;7,75
21.08.2013;7,75
22.08.2013;7,75
23.08.2013;7,75
26.08.2013;7,75
27.08.2013;7,75
28.08.2013;7,75
29.08.2013;7,81
30.08.2013;7,81
02.09.2013;7,79
03.09.2013;7,79
04.09.2013;7,78
05.09.2013;7,78
06.09.2013;7,78
09.09.2013;7,77
10.09.2013;7,76
11.09.2013;7,74
12.09.2013;7,72
13.09.2013;7,73
16.09.2013;7,73
17.09.2013;7,74
18.09.2013;7,73
19.09.2013;7,73
20.09.2013;7,7
23.09.2013;7,69
24.09.2013;7,69
25.09.2013;7,71
26.09.2013;7,68
27.09.2013;7,68
30.09.2013;7,68
01.10.2013;7,67
02.10.2013;7,66
03.10.2013;7,65
04.10.2013;7,66
07.10.2013;7,63
08.10.2013;7,61
09.10.2013;7,66
10.10.2013;7,66
11.10.2013;7,65
14.10.2013;7,65
15.10.2013;7,66
16.10.2013;7,73
17.10.2013;7,73
18.10.2013;7,78
21.10.2013;7,77
22.10.2013;7,76
23.10.2013;7,69
24.10.2013;7,69
25.10.2013;7,7
28.10.2013;7,7
29.10.2013;7,72
30.10.2013;7,73
31.10.2013;7,72
01.11.2013;7,81
05.11.2013;7,81
06.11.2013;7,81
07.11.2013;7,81
08.11.2013;7,82
11.11.2013;7,81
12.11.2013;7,82
13.11.2013;7,82
14.11.2013;7,84
15.11.2013;7,86
18.11.2013;7,85
19.11.2013;7,85
20.11.2013;7,86
21.11.2013;7,86
22.11.2013;7,86
25.11.2013;7,86
26.11.2013;7,88
27.11.2013;7,88
28.11.2013;7,9
29.11.2013;7,96
02.12.2013;7,98
03.12.2013;8,06
04.12.2013;8,05
05.12.2013;8,05
06.12.2013;8,05
09.12.2013;8
10.12.2013;7,98
11.12.2013;8,03
12.12.2013;8,04
13.12.2013;8,04
16.12.2013;8,04
17.12.2013;8,04
18.12.2013;8,06
19.12.2013;8,05
20.12.2013;8,03
23.12.2013;8,02
24.12.2013;8,01
25.12.2013;7,93
26.12.2013;7,94
27.12.2013;7,87
30.12.2013;7,78
06.01.2014;7,77
08.01.2014;7,77
09.01.2014;7,9
10.01.2014;7,9
13.01.2014;7,88
14.01.2014;7,84
15.01.2014;7,86
16.01.2014;7,84
17.01.2014;7,87
20.01.2014;7,87
21.01.2014;7,87
22.01.2014;7,88
23.01.2014;7,92
24.01.2014;7,92
27.01.2014;7,9
28.01.2014;7,92
29.01.2014;8
30.01.2014;8,02
31.01.2014;7,95
03.02.2014;7,99
04.02.2014;7,98
05.02.2014;8
06.02.2014;8
07.02.2014;7,92
10.02.2014;7,93
11.02.2014;7,98
12.02.2014;7,96
13.02.2014;7,98
14.02.2014;7,99
17.02.2014;7,96
18.02.2014;7,96
19.02.2014;7,95
20.02.2014;8,02
21.02.2014;8,02
24.02.2014;8,01
25.02.2014;8,02
26.02.2014;8,05
27.02.2014;8,09
28.02.2014;8
03.03.2014;8,02
04.03.2014;7,98
05.03.2014;8,05
06.03.2014;8,04
07.03.2014;8,1
11.03.2014;8,13
12.03.2014;8,18
13.03.2014;8,36
14.03.2014;8,64
17.03.2014;8,51
18.03.2014;8,37
19.03.2014;8,41
20.03.2014;8,56
21.03.2014;8,76
24.03.2014;8,67
25.03.2014;8,43
26.03.2014;8,36
27.03.2014;8,39
28.03.2014;8,15
31.03.2014;8,07
01.04.2014;8,41
02.04.2014;8,46
03.04.2014;8,43
04.04.2014;8,5
07.04.2014;8,56
08.04.2014;8,5
09.04.2014;8,57
10.04.2014;8,59
11.04.2014;8,57
14.04.2014;8,58
15.04.2014;8,58
16.04.2014;8,62
17.04.2014;8,67
18.04.2014;8,58
21.04.2014;8,55
22.04.2014;8,56
23.04.2014;8,57
24.04.2014;8,54
25.04.2014;8,73
28.04.2014;8,68
29.04.2014;8,61
30.04.2014;8,48
02.05.2014;8,37
05.05.2014;8,52
06.05.2014;8,6
07.05.2014;8,55
08.05.2014;8,46
12.05.2014;8,56
13.05.2014;8,89
14.05.2014;8,85
15.05.2014;8,93
16.05.2014;8,91
19.05.2014;8,99
20.05.2014;9,12
21.05.2014;9,1
22.05.2014;9,15
23.05.2014;9,23
26.05.2014;9,06
27.05.2014;9,04
28.05.2014;8,7
29.05.2014;8,96
30.05.2014;8,73
02.06.2014;8,96
03.06.2014;8,97
04.06.2014;9,08
05.06.2014;8,93
06.06.2014;8,91
09.06.2014;9
10.06.2014;9,03
11.06.2014;8,99
16.06.2014;9,07
17.06.2014;9,04
18.06.2014;9,13
19.06.2014;9,06
20.06.2014;9,04
23.06.2014;9,02
24.06.2014;8,97
25.06.2014;8,92
26.06.2014;8,96
27.06.2014;8,96
30.06.2014;8,77
01.07.2014;8,79
02.07.2014;8,73
03.07.2014;8,74
04.07.2014;8,73
07.07.2014;8,82
08.07.2014;8,82
09.07.2014;8,78
10.07.2014;8,77
11.07.2014;8,71
14.07.2014;8,71
15.07.2014;8,71
16.07.2014;8,79
17.07.2014;8,79
18.07.2014;8,74
21.07.2014;8,75
22.07.2014;8,78
23.07.2014;8,86
24.07.2014;9,06
25.07.2014;8,93
28.07.2014;9,04
29.07.2014;9,05
30.07.2014;8,98
31.07.2014;8,95
01.08.2014;8,95
04.08.2014;8,83
05.08.2014;8,76
06.08.2014;8,98
07.08.2014;9,34
08.08.2014;9,43
11.08.2014;9,39
12.08.2014;9,64
13.08.2014;9,5
14.08.2014;9,49
15.08.2014;9,58
18.08.2014;9,47
19.08.2014;9,29
20.08.2014;9,37
21.08.2014;9,34
22.08.2014;9,34
25.08.2014;9,25
26.08.2014;9,18
27.08.2014;9,1
28.08.2014;9,22
29.08.2014;8,97
01.09.2014;9,51
02.09.2014;9,72
03.09.2014;9,72
04.09.2014;9,62
05.09.2014;9,62
08.09.2014;9,62
09.09.2014;9,7
10.09.2014;9,64
11.09.2014;9,68
12.09.2014;9,69
15.09.2014;9,74
16.09.2014;9,81
17.09.2014;9,88
18.09.2014;9,86
19.09.2014;9,83
22.09.2014;9,91
23.09.2014;9,73
24.09.2014;9,84
25.09.2014;10,11
26.09.2014;9,94
29.09.2014;9,87
30.09.2014;9,45
01.10.2014;9,91
02.10.2014;9,87
03.10.2014;9,91
06.10.2014;9,71
07.10.2014;9,98
08.10.2014;10,12
09.10.2014;10,16
10.10.2014;10,26
13.10.2014;10,35
14.10.2014;10,35
15.10.2014;10,35
16.10.2014;10,44
17.10.2014;10,42
20.10.2014;10,51
21.10.2014;10,48
22.10.2014;10,55
23.10.2014;10,58
24.10.2014;10,56
27.10.2014;10,61
28.10.2014;10,62
29.10.2014;10,62
30.10.2014;10,74
31.10.2014;10,7
03.11.2014;10,61
05.11.2014;10,6
06.11.2014;11,05
07.11.2014;10,92
10.11.2014;10,92
11.11.2014;11,13
12.11.2014;11,03
13.11.2014;11,03
14.11.2014;11,12
17.11.2014;11,23
18.11.2014;11,11
19.11.2014;11,39
20.11.2014;11,44
21.11.2014;11,3
24.11.2014;11,47
25.11.2014;11,76
26.11.2014;11,69
27.11.2014;11,8
28.11.2014;11,69
01.12.2014;12,03
02.12.2014;12,06
03.12.2014;12,16
04.12.2014;12,5
05.12.2014;12,42
08.12.2014;13
09.12.2014;13,07
10.12.2014;12,97
11.12.2014;13,06
12.12.2014;13,06
15.12.2014;14,23
16.12.2014;14,91
17.12.2014;14,47
18.12.2014;15,35
19.12.2014;15,87
22.12.2014;15,26
23.12.2014;15,45
24.12.2014;15,04
25.12.2014;15,55
26.12.2014;15,34
29.12.2014;14,5
30.12.2014;13,81
05.01.2015;14
06.01.2015;13,69
08.01.2015;13,73
09.01.2015;13,53
12.01.2015;14,31
13.01.2015;14,32
14.01.2015;14,33
15.01.2015;15,06
16.01.2015;15,18
19.01.2015;15,21
20.01.2015;15,52
21.01.2015;15,46
22.01.2015;15,42
23.01.2015;15,41
26.01.2015;15,7
27.01.2015;15,83
28.01.2015;15,86
29.01.2015;15,94
30.01.2015;15,67
02.02.2015;15,66
03.02.2015;14,91
04.02.2015;14,86
05.02.2015;15,01
06.02.2015;15,14
09.02.2015;15,08
10.02.2015;15,08
11.02.2015;15,04
12.02.2015;14,76
13.02.2015;15,16
16.02.2015;15,05
17.02.2015;15,04
18.02.2015;15,15
19.02.2015;14,95
20.02.2015;15,21
24.02.2015;15,45
25.02.2015;15,6
26.02.2015;15,13
27.02.2015;15,05
02.03.2015;15,03
03.03.2015;15,22
04.03.2015;15,03
05.03.2015;17
06.03.2015;15,45
10.03.2015;15,56
11.03.2015;15,42
12.03.2015;15,44
13.03.2015;15,12
16.03.2015;15,19
17.03.2015;15,48
18.03.2015;15,65
19.03.2015;15,53
20.03.2015;15,52
23.03.2015;15,37
24.03.2015;15,2
25.03.2015;15,08
26.03.2015;14,71
27.03.2015;14,73
30.03.2015;14,4
31.03.2015;14,63
01.04.2015;14,61
02.04.2015;14,69
03.04.2015;14,49
06.04.2015;14,49
07.04.2015;14,45
08.04.2015;14,43
09.04.2015;14,34
10.04.2015;14,3
13.04.2015;14,34
14.04.2015;14,1
15.04.2015;13,91
16.04.2015;13,65
17.04.2015;13,53
20.04.2015;13,46
21.04.2015;13,52
22.04.2015;13,54
23.04.2015;13,5
24.04.2015;13,51
27.04.2015;13,49
28.04.2015;13,38
29.04.2015;13,38
30.04.2015;13,23
05.05.2015;12,84
06.05.2015;12,83
07.05.2015;12,74
08.05.2015;12,72
12.05.2015;12,74
13.05.2015;12,83
14.05.2015;12,66
15.05.2015;12,43
18.05.2015;12,41
19.05.2015;12,42
20.05.2015;12,42
21.05.2015;12,41
22.05.2015;12,42
25.05.2015;12,37
26.05.2015;12,43
27.05.2015;12,35
28.05.2015;12,36
29.05.2015;12,6
01.06.2015;12,69
02.06.2015;12,46
03.06.2015;12,46
04.06.2015;12,67
05.06.2015;12,29
08.06.2015;12,26
09.06.2015;12,24
10.06.2015;12,27
11.06.2015;12,21
15.06.2015;12,19
16.06.2015;12,32
17.06.2015;12,3
18.06.2015;12,32
19.06.2015;12,17
22.06.2015;11,96
23.06.2015;12,19
24.06.2015;12,17
25.06.2015;12,02
26.06.2015;12,07
29.06.2015;12,13
30.06.2015;12,09
01.07.2015;12,09
02.07.2015;12,26
03.07.2015;12,34
06.07.2015;12,49
07.07.2015;12,42
08.07.2015;12,46
09.07.2015;12,42
10.07.2015;12,3
13.07.2015;12,28
14.07.2015;12,36
15.07.2015;12,33
16.07.2015;12,29
17.07.2015;12,19
20.07.2015;12,24
21.07.2015;12,18
22.07.2015;12,09
23.07.2015;12,14
24.07.2015;11,98
27.07.2015;12,17
28.07.2015;12,14
29.07.2015;12,17
30.07.2015;12,13
31.07.2015;12,08
03.08.2015;12,04
04.08.2015;12,01
05.08.2015;12,07
06.08.2015;12,11
07.08.2015;12,27
10.08.2015;12,24
11.08.2015;12,09
12.08.2015;12,11
13.08.2015;12,2
14.08.2015;12,36
17.08.2015;12,24
18.08.2015;12,08
19.08.2015;12,12
20.08.2015;12,07
21.08.2015;12,05
24.08.2015;12,15
25.08.2015;12,28
26.08.2015;12,26
27.08.2015;12,25
28.08.2015;12,11
31.08.2015;12,2
01.09.2015;12,3
02.09.2015;12,34
03.09.2015;12,65
04.09.2015;12,61
07.09.2015;12,43
08.09.2015;12,45
09.09.2015;12,42
10.09.2015;12,35
11.09.2015;12,34
14.09.2015;12,32
15.09.2015;12,26
16.09.2015;12,25
17.09.2015;12,2
18.09.2015;12,24
21.09.2015;12,32
22.09.2015;12,35
23.09.2015;12,18
24.09.2015;12,39
25.09.2015;12,2
28.09.2015;12,16
29.09.2015;12,1
30.09.2015;12,13
01.10.2015;12,35
02.10.2015;12,28
05.10.2015;12,13
06.10.2015;12,02
07.10.2015;11,99
08.10.2015;11,99
09.10.2015;11,93
12.10.2015;11,93
13.10.2015;11,86
14.10.2015;11,9
15.10.2015;11,89
16.10.2015;11,84
19.10.2015;11,78
20.10.2015;11,79
21.10.2015;11,81
22.10.2015;12,17
23.10.2015;11,76
26.10.2015;11,91
27.10.2015;11,97
28.10.2015;11,88
29.10.2015;11,78
30.10.2015;11,7
02.11.2015;11,9
03.11.2015;11,73
05.11.2015;11,73
06.11.2015;11,57
09.11.2015;11,6
10.11.2015;11,73
11.11.2015;11,73
12.11.2015;11,7
13.11.2015;11,62
16.11.2015;11,61
17.11.2015;11,66
18.11.2015;11,62
19.11.2015;11,55
20.11.2015;11,58
23.11.2015;11,73
24.11.2015;11,77
25.11.2015;11,62
26.11.2015;11,69
27.11.2015;11,69
30.11.2015;11,65
01.12.2015;11,84
02.12.2015;11,72
03.12.2015;11,6
04.12.2015;11,53
07.12.2015;11,54
08.12.2015;11,61
09.12.2015;11,82
10.12.2015;11,65
11.12.2015;11,69
14.12.2015;11,89
15.12.2015;12,03
16.12.2015;11,97
17.12.2015;11,98
18.12.2015;11,96
21.12.2015;11,75
22.12.2015;11,75
23.12.2015;11,72
24.12.2015;11,8
25.12.2015;11,7
28.12.2015;11,58
29.12.2015;11,6
30.12.2015;11,44
04.01.2016;11,32
05.01.2016;11,27
06.01.2016;11,23
11.01.2016;11,44
12.01.2016;11,57
13.01.2016;11,51
14.01.2016;11,48
15.01.2016;11,76
18.01.2016;11,64
19.01.2016;11,52
20.01.2016;11,7
21.01.2016;11,85
22.01.2016;11,75
25.01.2016;11,64
26.01.2016;11,4
27.01.2016;11,35
28.01.2016;11,49
29.01.2016;11,55
01.02.2016;11,41
02.02.2016;11,46
03.02.2016;11,57
04.02.2016;11,72
05.02.2016;11,64
08.02.2016;11,52
09.02.2016;11,57
10.02.2016;11,63
11.02.2016;11,76
12.02.2016;11,69
15.02.2016;11,6
16.02.2016;11,66
17.02.2016;11,64
18.02.2016;11,64
19.02.2016;11,44
20.02.2016;11,41
22.02.2016;11,37
24.02.2016;11,66
25.02.2016;11,67
26.02.2016;11,57
29.02.2016;11,4
01.03.2016;11,39
02.03.2016;11,36
03.03.2016;11,25
04.03.2016;11,19
07.03.2016;11,1
09.03.2016;11,1
10.03.2016;10,84
11.03.2016;10,91
14.03.2016;10,82
15.03.2016;10,91
16.03.2016;10,89
17.03.2016;10,72
18.03.2016;10,7
21.03.2016;10,87
22.03.2016;10,92
23.03.2016;10,99
24.03.2016;11,03
25.03.2016;10,95
28.03.2016;11
29.03.2016;11,02
30.03.2016;11
31.03.2016;10,89
01.04.2016;10,85
04.04.2016;11,12
05.04.2016;11,1
06.04.2016;10,89
07.04.2016;11,03
08.04.2016;10,89
11.04.2016;10,79
12.04.2016;10,71
13.04.2016;10,84
14.04.2016;10,8
15.04.2016;10,73
18.04.2016;10,71
19.04.2016;10,69
20.04.2016;10,7
21.04.2016;10,74
22.04.2016;10,83
25.04.2016;10,68
26.04.2016;10,7
27.04.2016;10,73
28.04.2016;10,68
29.04.2016;10,56
04.05.2016;10,67
05.05.2016;10,59
06.05.2016;10,54
10.05.2016;10,56
11.05.2016;10,48
12.05.2016;10,51
13.05.2016;10,42
16.05.2016;10,45
17.05.2016;10,19
18.05.2016;10,24
19.05.2016;10,29
20.05.2016;10,32
23.05.2016;10,36
24.05.2016;10,38
25.05.2016;10,42
26.05.2016;10,37
27.05.2016;10,16
30.05.2016;10,14
31.05.2016;10,31
01.06.2016;10,09
02.06.2016;10,08
03.06.2016;10,09
06.06.2016;10,11
07.06.2016;9,92
08.06.2016;10,02
09.06.2016;10,06
10.06.2016;9,94
14.06.2016;9,96
15.06.2016;10,02
16.06.2016;10,01
17.06.2016;9,91
20.06.2016;10,13
21.06.2016;10
22.06.2016;9,98
23.06.2016;9,95
24.06.2016;9,92
27.06.2016;10,08
28.06.2016;9,89
29.06.2016;10,04
30.06.2016;9,77
01.07.2016;9,87
04.07.2016;9,79
05.07.2016;9,79
06.07.2016;9,65
07.07.2016;9,71
08.07.2016;9,61
11.07.2016;9,7
12.07.2016;9,67
13.07.2016;9,56
14.07.2016;9,54
15.07.2016;9,55
18.07.2016;9,62
19.07.2016;9,52
20.07.2016;9,47
21.07.2016;9,46
22.07.2016;9,5
25.07.2016;9,87
26.07.2016;9,66
27.07.2016;9,99
28.07.2016;9,89
29.07.2016;9,81
01.08.2016;9,78
02.08.2016;9,73
03.08.2016;9,71
04.08.2016;9,53
05.08.2016;9,44
08.08.2016;9,42
09.08.2016;9,48
10.08.2016;9,52
11.08.2016;9,63
12.08.2016;9,73
15.08.2016;9,45
16.08.2016;9,61
17.08.2016;9,65
18.08.2016;9,68
19.08.2016;9,57
22.08.2016;9,55
23.08.2016;9,54
24.08.2016;9,53
25.08.2016;9,58
26.08.2016;9,65
29.08.2016;9,68
30.08.2016;9,57
31.08.2016;9,54
01.09.2016;9,73
02.09.2016;9,8
05.09.2016;9,84
06.09.2016;9,82
07.09.2016;9,82
08.09.2016;9,75
09.09.2016;9,72
12.09.2016;9,72
13.09.2016;9,66
14.09.2016;9,62
15.09.2016;9,55
16.09.2016;9,5
19.09.2016;9,57
20.09.2016;9,63
21.09.2016;9,76
22.09.2016;9,83
23.09.2016;9,76
26.09.2016;9,65
27.09.2016;9,66
28.09.2016;9,59
29.09.2016;9,81
30.09.2016;9,83
03.10.2016;9,85
04.10.2016;9,79
05.10.2016;9,67
06.10.2016;9,57
07.10.2016;9,59
10.10.2016;9,55
11.10.2016;9,58
12.10.2016;9,58
13.10.2016;9,6
14.10.2016;9,57
17.10.2016;9,58
18.10.2016;9,62
19.10.2016;9,59
20.10.2016;9,62
21.10.2016;9,57
24.10.2016;9,62
25.10.2016;9,54
26.10.2016;9,75
27.10.2016;9,69
28.10.2016;9,6
31.10.2016;9,73
01.11.2016;9,69
02.11.2016;9,67
03.11.2016;9,66
07.11.2016;9,65
08.11.2016;9,68
09.11.2016;9,82
10.11.2016;9,79
11.11.2016;9,69
14.11.2016;9,82
15.11.2016;9,78
16.11.2016;9,86
17.11.2016;9,85
18.11.2016;9,79
21.11.2016;9,83
22.11.2016;9,75
23.11.2016;9,74
24.11.2016;9,6
25.11.2016;9,64
28.11.2016;9,7
29.11.2016;9,71
30.11.2016;9,71
01.12.2016;9,83
02.12.2016;9,8
05.12.2016;9,83
06.12.2016;9,71
07.12.2016;9,63
08.12.2016;9,69
09.12.2016;9,72
12.12.2016;9,73
13.12.2016;9,52
14.12.2016;9,46
15.12.2016;9,47
16.12.2016;9,46
19.12.2016;9,55
20.12.2016;9,54
21.12.2016;9,59
22.12.2016;9,48
23.12.2016;9,43
26.12.2016;9,53
27.12.2016;9,4
28.12.2016;9,29
29.12.2016;9,23
30.12.2016;9,08
03.01.2017;9,13
04.01.2017;9,1
05.01.2017;9,14
06.01.2017;9,28
09.01.2017;9,26
10.01.2017;9,29
11.01.2017;9,39
12.01.2017;9,2
13.01.2017;9,19
16.01.2017;9,16
17.01.2017;9,09
18.01.2017;9,18
19.01.2017;9,12
20.01.2017;9,12
23.01.2017;9,16
24.01.2017;9,15
25.01.2017;9,17
26.01.2017;9,15
27.01.2017;9,24
30.01.2017;9,3
31.01.2017;9,28
01.02.2017;9,28
02.02.2017;9,24
03.02.2017;9,35
06.02.2017;9,33
07.02.2017;9,35
08.02.2017;9,27
09.02.2017;9,35
10.02.2017;9,42
13.02.2017;9,41
14.02.2017;9,35
15.02.2017;9,33
16.02.2017;9,14
17.02.2017;9,14
20.02.2017;9,14
21.02.2017;9,13
22.02.2017;9,2
24.02.2017;9,36
27.02.2017;9,47
28.02.2017;9,42
01.03.2017;9,33
02.03.2017;9,33
03.03.2017;9,31
06.03.2017;9,37
07.03.2017;9,36
09.03.2017;9,38
10.03.2017;9,38
13.03.2017;9,45
14.03.2017;9,36
15.03.2017;9,35
16.03.2017;9,4
17.03.2017;9,42
20.03.2017;9,42
21.03.2017;9,38
22.03.2017;9,4
23.03.2017;9,34
24.03.2017;9,27
27.03.2017;9,25
28.03.2017;9,27
29.03.2017;9,2
30.03.2017;9,2
31.03.2017;9,19
03.04.2017;9,18
04.04.2017;9,25
05.04.2017;9,22
06.04.2017;9,22
07.04.2017;9,23
10.04.2017;9,25
11.04.2017;9,17
12.04.2017;9,24
13.04.2017;9,13
14.04.2017;9,14
17.04.2017;9,15
18.04.2017;9,21
19.04.2017;9,16
20.04.2017;9,13
21.04.2017;9,08
24.04.2017;8,87
25.04.2017;9,05
26.04.2017;8,99
27.04.2017;8,96
28.04.2017;8,84
02.05.2017;8,88
03.05.2017;8,96
04.05.2017;8,96
05.05.2017;8,84
10.05.2017;8,89
11.05.2017;8,88
12.05.2017;8,84
15.05.2017;8,79
16.05.2017;8,68
17.05.2017;8,57
18.05.2017;8,64
19.05.2017;8,66
22.05.2017;8,64
23.05.2017;8,62
24.05.2017;8,66
25.05.2017;8,45
26.05.2017;8,65
29.05.2017;8,57
30.05.2017;8,55
31.05.2017;8,63
01.06.2017;8,53
02.06.2017;8,66
05.06.2017;8,65
06.06.2017;8,47
07.06.2017;8,54
08.06.2017;8,54
09.06.2017;8,5
13.06.2017;8,29
14.06.2017;8,34
15.06.2017;8,52
16.06.2017;8,44
19.06.2017;8,39
20.06.2017;8,34
21.06.2017;8,41
22.06.2017;8,36
23.06.2017;8,46
26.06.2017;8,33
27.06.2017;8,33
28.06.2017;8,33
29.06.2017;8,42
30.06.2017;8,38
03.07.2017;8,22
04.07.2017;8,22
05.07.2017;8,26
06.07.2017;8,22
07.07.2017;8,25
10.07.2017;8,17
11.07.2017;8,2
12.07.2017;8,17
13.07.2017;8,15
14.07.2017;8,18
17.07.2017;8,18
18.07.2017;8,19
19.07.2017;8,21
20.07.2017;8,16
21.07.2017;8,16
24.07.2017;8,38
25.07.2017;8,4
26.07.2017;8,31
27.07.2017;8,34
28.07.2017;8,4
31.07.2017;8,33
01.08.2017;8,36
02.08.2017;8,43
03.08.2017;8,36
04.08.2017;8,39
07.08.2017;8,23
08.08.2017;8,2
09.08.2017;8,21
10.08.2017;8,2
11.08.2017;8,25
14.08.2017;8,15
15.08.2017;8,25
16.08.2017;8,25
17.08.2017;8,25
18.08.2017;8,32
21.08.2017;8,24
22.08.2017;8,27
23.08.2017;8,27
24.08.2017;8,3
25.08.2017;8,34
28.08.2017;8,46
29.08.2017;8,43
30.08.2017;8,29
31.08.2017;8,31
01.09.2017;8,36
04.09.2017;8,37
05.09.2017;8,25
06.09.2017;8,26
07.09.2017;8,18
08.09.2017;8,21
11.09.2017;8,26
12.09.2017;8,18
13.09.2017;8,2
14.09.2017;8,13
15.09.2017;8,08
18.09.2017;8,12
19.09.2017;8,07
20.09.2017;8,1
21.09.2017;8,13
22.09.2017;8,08
25.09.2017;8
26.09.2017;8,1
27.09.2017;8,09
28.09.2017;8,07
29.09.2017;8,03
02.10.2017;8,01
03.10.2017;8,08
04.10.2017;8,06
05.10.2017;8,12
06.10.2017;8,06
09.10.2017;8,07
10.10.2017;8,04
11.10.2017;7,97
12.10.2017;7,94
13.10.2017;7,93
16.10.2017;7,92
17.10.2017;7,76
18.10.2017;7,88
19.10.2017;7,79
20.10.2017;7,85
23.10.2017;7,83
24.10.2017;7,81
25.10.2017;7,82
26.10.2017;7,87
27.10.2017;7,82
30.10.2017;7,84
31.10.2017;7,78
01.11.2017;7,78
02.11.2017;7,81
03.11.2017;7,75
07.11.2017;7,76
08.11.2017;7,79
09.11.2017;7,81
10.11.2017;7,81
13.11.2017;7,8
14.11.2017;7,92
15.11.2017;8,01
16.11.2017;7,97
17.11.2017;7,95
20.11.2017;7,84
21.11.2017;7,88
22.11.2017;7,86
23.11.2017;7,85
24.11.2017;7,94
27.11.2017;7,91
28.11.2017;7,9
29.11.2017;7,87
30.11.2017;7,88
01.12.2017;7,98
04.12.2017;7,97
05.12.2017;7,94
06.12.2017;7,94
07.12.2017;7,93
08.12.2017;8,1
11.12.2017;8,1
12.12.2017;7,91
13.12.2017;7,92
14.12.2017;7,89
15.12.2017;7,87
18.12.2017;7,92
19.12.2017;7,9
20.12.2017;7,93
21.12.2017;7,85
22.12.2017;7,78
25.12.2017;7,78
26.12.2017;7,8
27.12.2017;7,83
28.12.2017;7,73
29.12.2017;7,56
03.01.2018;7,5
04.01.2018;7,44
05.01.2018;7,36
09.01.2018;7,64
10.01.2018;7,62
11.01.2018;7,65
12.01.2018;7,62
15.01.2018;7,63
16.01.2018;7,59
17.01.2018;7,54
18.01.2018;7,64
19.01.2018;7,65
22.01.2018;7,7
23.01.2018;7,69
24.01.2018;7,68
25.01.2018;7,62
26.01.2018;7,57
29.01.2018;7,62
30.01.2018;7,79
31.01.2018;7,51
01.02.2018;7,43
02.02.2018;7,41
05.02.2018;7,45
06.02.2018;7,47
07.02.2018;7,43
08.02.2018;7,32
09.02.2018;7,29
12.02.2018;7,39
13.02.2018;7,37
14.02.2018;7,37
15.02.2018;7,38
16.02.2018;7,33
19.02.2018;7,33
20.02.2018;7,31
21.02.2018;7,28
22.02.2018;7,28
26.02.2018;7,27
27.02.2018;7,24
28.02.2018;7,25
01.03.2018;7,2
02.03.2018;7,18
05.03.2018;7,26
06.03.2018;7,22
07.03.2018;7,21
09.03.2018;7,04
12.03.2018;7,23
13.03.2018;7,18
14.03.2018;7,18
15.03.2018;7,16
16.03.2018;7,15
19.03.2018;7,19
20.03.2018;7,21
21.03.2018;7,22
22.03.2018;7,18
23.03.2018;7,18
26.03.2018;7,17
27.03.2018;7,17
28.03.2018;7,13
29.03.2018;7,13
30.03.2018;7,07
02.04.2018;7,12
03.04.2018;7,08
04.04.2018;7,09
05.04.2018;7,09
06.04.2018;7,12
09.04.2018;7,27
10.04.2018;7,36
11.04.2018;7,44
12.04.2018;7,39
13.04.2018;7,42
16.04.2018;7,46
17.04.2018;7,47
18.04.2018;7,46
19.04.2018;7,3
20.04.2018;7,19
23.04.2018;7,21
24.04.2018;7,18
25.04.2018;7,38
26.04.2018;7,42
27.04.2018;7,43
28.04.2018;7,48
30.04.2018;7,47
02.05.2018;7,47
03.05.2018;7,49
04.05.2018;7,39
07.05.2018;7,46
08.05.2018;7,46
10.05.2018;7,48
11.05.2018;7,46
14.05.2018;7,4
15.05.2018;7,41
16.05.2018;7,4
17.05.2018;7,34
18.05.2018;7,38
21.05.2018;7,37
22.05.2018;7,34
23.05.2018;7,33
24.05.2018;7,27
25.05.2018;7,3
28.05.2018;7,36
29.05.2018;7,36
30.05.2018;7,39
31.05.2018;7,37
01.06.2018;7,36
04.06.2018;7,4
05.06.2018;7,39
06.06.2018;7,4
07.06.2018;7,42
08.06.2018;7,46
09.06.2018;7,4
11.06.2018;7,42
13.06.2018;7,48
14.06.2018;7,42
15.06.2018;7,44
18.06.2018;7,54
19.06.2018;7,55
20.06.2018;7,63
21.06.2018;7,63
22.06.2018;7,6
25.06.2018;7,64
26.06.2018;7,55
27.06.2018;7,59
28.06.2018;7,58
29.06.2018;7,56
02.07.2018;7,54
03.07.2018;7,61
04.07.2018;7,66
05.07.2018;7,64
06.07.2018;7,58
09.07.2018;7,56
10.07.2018;7,6
11.07.2018;7,5
12.07.2018;7,65
13.07.2018;7,64
16.07.2018;7,62
17.07.2018;7,62
18.07.2018;7,6
19.07.2018;7,61
20.07.2018;7,63
23.07.2018;7,57
24.07.2018;7,62
25.07.2018;7,48
26.07.2018;7,61
27.07.2018;7,58
30.07.2018;7,57
31.07.2018;7,59
01.08.2018;7,65
02.08.2018;7,69
03.08.2018;7,77
06.08.2018;7,77
07.08.2018;7,87
08.08.2018;7,9
09.08.2018;8,02
10.08.2018;8,03
13.08.2018;8,04
14.08.2018;8,08
15.08.2018;8,13
16.08.2018;8,21
17.08.2018;8,28
20.08.2018;8,43
21.08.2018;8,43
22.08.2018;8,34
23.08.2018;8,41
24.08.2018;8,39
27.08.2018;8,46
28.08.2018;8,51
29.08.2018;8,51
30.08.2018;8,38
31.08.2018;8,37
03.09.2018;8,37
04.09.2018;8,44
05.09.2018;8,42
06.09.2018;8,49
07.09.2018;8,56
10.09.2018;8,67
11.09.2018;8,68
12.09.2018;8,62
13.09.2018;8,64
14.09.2018;8,68
17.09.2018;8,68
18.09.2018;8,69
19.09.2018;8,79
20.09.2018;8,64
21.09.2018;8,61
24.09.2018;8,68
25.09.2018;8,58
26.09.2018;8,56
27.09.2018;8,49
28.09.2018;8,41
01.10.2018;8,38
02.10.2018;8,31
03.10.2018;8,39
04.10.2018;8,45
05.10.2018;8,4
08.10.2018;8,46
09.10.2018;8,49
10.10.2018;8,41
11.10.2018;8,54
12.10.2018;8,47
15.10.2018;8,45
16.10.2018;8,48
17.10.2018;8,42
18.10.2018;8,39
19.10.2018;8,44
22.10.2018;8,39
23.10.2018;8,42
24.10.2018;8,38
25.10.2018;8,41
26.10.2018;8,43
29.10.2018;8,38
30.10.2018;8,39
31.10.2018;8,31
01.11.2018;8,39
02.11.2018;8,42
06.11.2018;8,48
07.11.2018;8,51
08.11.2018;8,57
09.11.2018;8,6
12.11.2018;8,59
13.11.2018;8,63
14.11.2018;8,65
15.11.2018;8,73
16.11.2018;8,7
19.11.2018;8,68
20.11.2018;8,61
21.11.2018;8,59
22.11.2018;8,61
23.11.2018;8,63
26.11.2018;8,71
27.11.2018;8,64
28.11.2018;8,6
29.11.2018;8,61
30.11.2018;8,61
03.12.2018;8,62
04.12.2018;8,63
05.12.2018;8,7
06.12.2018;8,64
07.12.2018;8,65
10.12.2018;8,71
11.12.2018;8,65
12.12.2018;8,64
13.12.2018;8,67
14.12.2018;8,69
17.12.2018;8,73
18.12.2018;8,79
19.12.2018;8,76
20.12.2018;8,8
21.12.2018;8,78
24.12.2018;8,79
25.12.2018;9,13
26.12.2018;8,82
27.12.2018;8,88
28.12.2018;8,76
29.12.2018;8,53
03.01.2019;8,57
04.01.2019;8,72
08.01.2019;8,49
09.01.2019;8,55
10.01.2019;8,52
11.01.2019;8,55
14.01.2019;8,55
15.01.2019;8,59
16.01.2019;8,49
17.01.2019;8,48
18.01.2019;8,52
21.01.2019;8,6
22.01.2019;8,55
23.01.2019;8,59
24.01.2019;8,56
25.01.2019;8,53
28.01.2019;8,57
29.01.2019;8,59
30.01.2019;8,56
31.01.2019;8,54
01.02.2019;8,55
04.02.2019;8,49
05.02.2019;8,56
06.02.2019;8,5
07.02.2019;8,54
08.02.2019;8,55
11.02.2019;8,55
12.02.2019;8,53
13.02.2019;8,6
14.02.2019;8,6
15.02.2019;8,66
18.02.2019;8,59
19.02.2019;8,61
20.02.2019;8,66
21.02.2019;8,61
22.02.2019;8,61
25.02.2019;8,63
26.02.2019;8,6
27.02.2019;8,6
28.02.2019;8,63
01.03.2019;8,59
04.03.2019;8,58
05.03.2019;8,72
06.03.2019;8,61
07.03.2019;8,55
11.03.2019;8,57
12.03.2019;8,57
13.03.2019;8,64
14.03.2019;8,65
15.03.2019;8,64
18.03.2019;8,62
19.03.2019;8,6
20.03.2019;8,59
21.03.2019;8,64
22.03.2019;8,6
25.03.2019;8,59
26.03.2019;8,66
27.03.2019;8,62
28.03.2019;8,63
29.03.2019;8,63
01.04.2019;8,64
02.04.2019;8,56
03.04.2019;8,64
04.04.2019;8,68
05.04.2019;8,56
08.04.2019;8,55
09.04.2019;8,61
10.04.2019;8,55
11.04.2019;8,55
12.04.2019;8,54
15.04.2019;8,54
16.04.2019;8,54
17.04.2019;8,59
18.04.2019;8,58
19.04.2019;8,65
22.04.2019;8,61
23.04.2019;8,58
24.04.2019;8,61
25.04.2019;8,55
26.04.2019;8,56
29.04.2019;8,58
30.04.2019;8,52
02.05.2019;8,5
03.05.2019;8,49
06.05.2019;8,53
07.05.2019;8,51
08.05.2019;8,46
10.05.2019;8,49
13.05.2019;8,58
14.05.2019;8,54
15.05.2019;8,54
16.05.2019;8,46
17.05.2019;8,49
20.05.2019;8,48
21.05.2019;8,44
22.05.2019;8,42
23.05.2019;8,37
24.05.2019;8,37
27.05.2019;8,43
28.05.2019;8,44
29.05.2019;8,41
30.05.2019;8,45
31.05.2019;8,4
03.06.2019;8,39
04.06.2019;8,39
05.06.2019;8,38
06.06.2019;8,39
07.06.2019;8,37
10.06.2019;8,33
11.06.2019;8,3
13.06.2019;8,26
14.06.2019;8,23
17.06.2019;8,29
18.06.2019;8,32
19.06.2019;8,21
20.06.2019;8,15
21.06.2019;8,13
24.06.2019;8,11
25.06.2019;8,14
26.06.2019;8,15
27.06.2019;8,17
28.06.2019;8,15
01.07.2019;8,16
02.07.2019;8,01
03.07.2019;8,02
04.07.2019;8,11
05.07.2019;8
08.07.2019;8,1
09.07.2019;8,07
10.07.2019;8
11.07.2019;8
12.07.2019;7,98
15.07.2019;8
16.07.2019;7,97
17.07.2019;7,92
18.07.2019;7,93
19.07.2019;7,94
22.07.2019;7,94
23.07.2019;7,92
24.07.2019;7,86
25.07.2019;7,85
26.07.2019;7,83
29.07.2019;7,85
30.07.2019;7,84
31.07.2019;7,81
01.08.2019;7,73
02.08.2019;7,81
05.08.2019;7,81
06.08.2019;7,86
07.08.2019;7,88
08.08.2019;7,87
09.08.2019;7,79
12.08.2019;7,84
13.08.2019;7,92
14.08.2019;7,88
15.08.2019;7,86
16.08.2019;7,84
19.08.2019;7,85
20.08.2019;7,81
21.08.2019;7,76
22.08.2019;7,84
23.08.2019;7,84
26.08.2019;7,8
27.08.2019;7,89
28.08.2019;7,82
29.08.2019;7,92
30.08.2019;7,85
02.09.2019;7,73
03.09.2019;7,74
04.09.2019;7,67
05.09.2019;7,9
06.09.2019;7,58
09.09.2019;7,47
10.09.2019;7,47
11.09.2019;7,43
12.09.2019;7,4
13.09.2019;7,45
16.09.2019;7,27
17.09.2019;7,3
18.09.2019;7,55
19.09.2019;7,45
20.09.2019;7,42
23.09.2019;7,41
24.09.2019;7,38
25.09.2019;7,39
26.09.2019;7,38
27.09.2019;7,36
30.09.2019;7,34
01.10.2019;7,35
02.10.2019;7,25
03.10.2019;7,34
04.10.2019;7,31
07.10.2019;7,39
08.10.2019;7,39
09.10.2019;7,38
10.10.2019;7,32
11.10.2019;7,3
14.10.2019;7,15
15.10.2019;7,19
16.10.2019;7,1
17.10.2019;7,09
18.10.2019;7,02
21.10.2019;7,05
22.10.2019;7,04
23.10.2019;7,08
24.10.2019;7,03
25.10.2019;6,98
28.10.2019;6,92
29.10.2019;6,89
30.10.2019;6,82
31.10.2019;6,84
01.11.2019;6,87
05.11.2019;6,85
06.11.2019;6,83
07.11.2019;6,91
08.11.2019;6,87
11.11.2019;6,97
12.11.2019;6,94
13.11.2019;6,95
14.11.2019;6,91
15.11.2019;6,87
18.11.2019;6,81
19.11.2019;6,91
20.11.2019;6,9
21.11.2019;6,87
22.11.2019;6,73
25.11.2019;6,76
26.11.2019;6,77
27.11.2019;6,88
28.11.2019;6,9
29.11.2019;6,89
02.12.2019;6,88
03.12.2019;6,88
04.12.2019;6,88
05.12.2019;6,88
06.12.2019;6,8
09.12.2019;6,81
10.12.2019;6,77
11.12.2019;6,76
12.12.2019;6,75
13.12.2019;6,75
16.12.2019;6,64
17.12.2019;6,52
18.12.2019;6,54
19.12.2019;6,57
20.12.2019;6,59
23.12.2019;6,48
24.12.2019;6,36
25.12.2019;6,45
26.12.2019;6,45
27.12.2019;6,39
30.12.2019;6,38
03.01.2020;6,35
06.01.2020;6,17
08.01.2020;6,14
09.01.2020;6,02
10.01.2020;5,94
13.01.2020;6,13
14.01.2020;6,11
15.01.2020;6,23
16.01.2020;6,26
17.01.2020;6,12
20.01.2020;6,33
21.01.2020;6,18
22.01.2020;6,13
23.01.2020;6,14
24.01.2020;6,09
27.01.2020;6,27
28.01.2020;6,39
29.01.2020;6,39
30.01.2020;6,32
31.01.2020;6,33
03.02.2020;6,32
04.02.2020;6,19
05.02.2020;6,24
06.02.2020;6,22
07.02.2020;6,12
10.02.2020;6,15
11.02.2020;6,14
12.02.2020;6,08
13.02.2020;6,11
14.02.2020;6,13
17.02.2020;6,04
18.02.2020;6,19
19.02.2020;6,21
20.02.2020;6,21
21.02.2020;6,18
25.02.2020;6,25
26.02.2020;6,33
27.02.2020;6,37
28.02.2020;6,71
02.03.2020;6,58
03.03.2020;6,54
04.03.2020;6,33
05.03.2020;6,36
06.03.2020;6,22
10.03.2020;7,33
11.03.2020;7,08
12.03.2020;7,76
13.03.2020;7,68
16.03.2020;7,6
17.03.2020;8
18.03.2020;8,46
19.03.2020;8,37
20.03.2020;7,61
23.03.2020;7,55
24.03.2020;7,39
25.03.2020;7,32
26.03.2020;7,31
27.03.2020;7,21
30.03.2020;7,54
31.03.2020;7,43
01.04.2020;7,38
02.04.2020;7,37
03.04.2020;7,34
06.04.2020;6,9
07.04.2020;6,82
08.04.2020;6,79
09.04.2020;7,07
10.04.2020;7,03
13.04.2020;6,94
14.04.2020;6,86
15.04.2020;7,02
16.04.2020;6,91
17.04.2020;6,8
20.04.2020;6,61
21.04.2020;6,67
22.04.2020;6,54
23.04.2020;6,44
24.04.2020;6,38
27.04.2020;6,35
28.04.2020;6,47
29.04.2020;6,45
30.04.2020;6,34
04.05.2020;6,12
05.05.2020;6,25
06.05.2020;6,24
07.05.2020;6,31
08.05.2020;6,21
12.05.2020;5,93
13.05.2020;6,2
14.05.2020;6,16
15.05.2020;6,03
18.05.2020;6,01
19.05.2020;5,95
20.05.2020;5,89
21.05.2020;5,91
22.05.2020;5,87
25.05.2020;6
26.05.2020;5,54
27.05.2020;5,86
28.05.2020;5,77
29.05.2020;5,81
01.06.2020;5,87
02.06.2020;5,75
03.06.2020;5,64
04.06.2020;5,73
05.06.2020;5,86
08.06.2020;5,89
09.06.2020;5,89
10.06.2020;5,79
11.06.2020;5,89
15.06.2020;5,94
16.06.2020;5,85
17.06.2020;5,82
18.06.2020;5,71
19.06.2020;5,66
22.06.2020;5,7
23.06.2020;5,72
25.06.2020;5,68
26.06.2020;5,67
29.06.2020;5,71
30.06.2020;5,76
02.07.2020;5,71
03.07.2020;5,68
06.07.2020;5,71
07.07.2020;5,74
08.07.2020;5,69
09.07.2020;5,69
10.07.2020;5,7
13.07.2020;5,76
14.07.2020;5,77
15.07.2020;5,77
16.07.2020;5,76
17.07.2020;5,77
20.07.2020;5,76
21.07.2020;5,72
22.07.2020;5,7
23.07.2020;5,7
24.07.2020;5,66
27.07.2020;5,87
28.07.2020;5,71
29.07.2020;5,65
30.07.2020;5,61
31.07.2020;5,73
03.08.2020;5,75
04.08.2020;5,75
05.08.2020;5,76
06.08.2020;5,69
07.08.2020;5,66
10.08.2020;5,7
11.08.2020;5,68
12.08.2020;5,66
13.08.2020;5,69
14.08.2020;5,66
17.08.2020;5,7
18.08.2020;5,72
19.08.2020;5,76
20.08.2020;5,79
21.08.2020;5,71
24.08.2020;5,71
25.08.2020;5,78
26.08.2020;5,84
27.08.2020;5,81
28.08.2020;5,74
31.08.2020;5,75
01.09.2020;5,77
02.09.2020;5,69
03.09.2020;5,77
04.09.2020;5,75
07.09.2020;5,88
08.09.2020;5,76
09.09.2020;5,76
10.09.2020;5,75
11.09.2020;5,73
14.09.2020;5,77
15.09.2020;5,75
16.09.2020;5,74
17.09.2020;5,75
18.09.2020;5,67
21.09.2020;5,68
22.09.2020;5,84
23.09.2020;5,84
24.09.2020;5,84
25.09.2020;5,8
28.09.2020;5,85
29.09.2020;5,87
30.09.2020;5,86
01.10.2020;5,84
02.10.2020;5,77
05.10.2020;5,84
06.10.2020;5,85
07.10.2020;5,87
08.10.2020;5,87
09.10.2020;5,85
12.10.2020;5,84
13.10.2020;5,87
14.10.2020;5,87
15.10.2020;5,9
16.10.2020;5,85
19.10.2020;5,89
20.10.2020;5,83
21.10.2020;5,82
22.10.2020;5,8
23.10.2020;5,75
26.10.2020;5,76
27.10.2020;5,83
28.10.2020;5,89
29.10.2020;5,92
30.10.2020;5,86
02.11.2020;5,87
03.11.2020;5,78
05.11.2020;5,88
06.11.2020;5,82
09.11.2020;5,83
10.11.2020;5,8
11.11.2020;5,81
12.11.2020;5,84
13.11.2020;5,82
16.11.2020;5,81
17.11.2020;5,79
18.11.2020;5,78
19.11.2020;5,78
20.11.2020;5,81
23.11.2020;5,78
24.11.2020;5,9
25.11.2020;5,82
26.11.2020;5,77
27.11.2020;5,83
30.11.2020;5,86
01.12.2020;5,85
02.12.2020;5,84
03.12.2020;5,94
04.12.2020;5,8
07.12.2020;5,92
08.12.2020;5,89
09.12.2020;5,91
10.12.2020;5,91
11.12.2020;5,93
14.12.2020;5,94
15.12.2020;5,9
16.12.2020;5,94
17.12.2020;5,94
18.12.2020;5,91
21.12.2020;5,92
22.12.2020;5,96
23.12.2020;5,91
24.12.2020;5,96
25.12.2020;5,91
28.12.2020;5,91
29.12.2020;5,89
30.12.2020;5,84
04.01.2021;5,84
05.01.2021;5,73
06.01.2021;5,7
08.01.2021;5,71
11.01.2021;5,79
12.01.2021;5,9
13.01.2021;5,88
14.01.2021;5,87
15.01.2021;5,91
18.01.2021;5,95
19.01.2021;5,99
20.01.2021;5,94
21.01.2021;5,97
22.01.2021;6,02
25.01.2021;5,97
26.01.2021;5,96
27.01.2021;6,01
28.01.2021;6,02
29.01.2021;6,04
01.02.2021;6,02
02.02.2021;6,01
03.02.2021;6,02
04.02.2021;6,02
05.02.2021;6,06
08.02.2021;6,04
09.02.2021;6,07
10.02.2021;6,03
11.02.2021;6,04
12.02.2021;6,1
15.02.2021;6,07
16.02.2021;6,09
17.02.2021;6,22
18.02.2021;6,25
19.02.2021;6,33
20.02.2021;6,28
22.02.2021;6,22
24.02.2021;6,25
25.02.2021;6,31
26.02.2021;6,25
01.03.2021;6,39
02.03.2021;6,37
03.03.2021;6,34
04.03.2021;6,4
05.03.2021;6,41
09.03.2021;6,37
10.03.2021;6,34
11.03.2021;6,38
12.03.2021;6,4
15.03.2021;6,41
16.03.2021;6,49
17.03.2021;6,55
18.03.2021;6,58
19.03.2021;6,64
22.03.2021;6,68
23.03.2021;6,67
24.03.2021;6,66
25.03.2021;6,66
26.03.2021;6,66
29.03.2021;6,55
30.03.2021;6,58
31.03.2021;6,63
01.04.2021;6,65
02.04.2021;6,64
05.04.2021;6,63
06.04.2021;6,6
07.04.2021;6,61
08.04.2021;6,72
09.04.2021;6,82
12.04.2021;6,86
13.04.2021;6,76
14.04.2021;6,75
15.04.2021;6,83
16.04.2021;6,77
19.04.2021;6,72
20.04.2021;6,77
21.04.2021;6,8
22.04.2021;6,8
23.04.2021;6,88
26.04.2021;6,89
27.04.2021;6,96
28.04.2021;6,95
29.04.2021;6,95
30.04.2021;6,9
04.05.2021;6,8
05.05.2021;6,89
06.05.2021;6,87
07.05.2021;6,84
10.05.2021;6,81
11.05.2021;6,89
12.05.2021;6,86
13.05.2021;6,91
14.05.2021;6,93
17.05.2021;6,93
18.05.2021;6,93
19.05.2021;6,98
20.05.2021;7,03
21.05.2021;7,01
24.05.2021;7,02
25.05.2021;6,95
26.05.2021;7
27.05.2021;7
28.05.2021;7,02
31.05.2021;7
01.06.2021;7
02.06.2021;7,03
03.06.2021;7,03
04.06.2021;6,99
07.06.2021;7,05
08.06.2021;7,02
09.06.2021;7,13
10.06.2021;7,18
11.06.2021;7,12
14.06.2021;7,04
15.06.2021;7,19
16.06.2021;7,13
17.06.2021;7,14
18.06.2021;7,23
21.06.2021;7,28
22.06.2021;7,28
23.06.2021;7,25
24.06.2021;7,27
25.06.2021;7,26
28.06.2021;7,24
29.06.2021;7,27
30.06.2021;7,1
01.07.2021;7,15
02.07.2021;7,27
05.07.2021;7,32
06.07.2021;7,33
07.07.2021;7,32
08.07.2021;7,35
09.07.2021;7,37
12.07.2021;7,46
13.07.2021;7,43
14.07.2021;7,42
15.07.2021;7,54
16.07.2021;7,5
19.07.2021;7,53
20.07.2021;7,52
21.07.2021;7,54
22.07.2021;7,53
23.07.2021;7,49
26.07.2021;7,47
27.07.2021;7,53
28.07.2021;7,44
29.07.2021;7,4
30.07.2021;7,43
02.08.2021;7,38
03.08.2021;7,41
04.08.2021;7,4
05.08.2021;7,34
06.08.2021;7,42
09.08.2021;7,45
10.08.2021;7,4
11.08.2021;7,44
12.08.2021;7,41
13.08.2021;7,34
16.08.2021;7,39
17.08.2021;7,42
18.08.2021;7,42
19.08.2021;7,43
20.08.2021;7,37
23.08.2021;7,39
24.08.2021;7,4
25.08.2021;7,36
26.08.2021;7,33
27.08.2021;7,37
30.08.2021;7,39
31.08.2021;7,36
01.09.2021;7,5
02.09.2021;7,49
03.09.2021;7,44
06.09.2021;7,42
07.09.2021;7,53
08.09.2021;7,52
09.09.2021;7,55
10.09.2021;7,53
13.09.2021;7,56
14.09.2021;7,53
15.09.2021;7,56
16.09.2021;7,58
17.09.2021;7,58
20.09.2021;7,59
21.09.2021;7,64
22.09.2021;7,59
23.09.2021;7,59
24.09.2021;7,74
27.09.2021;7,68
28.09.2021;7,71
29.09.2021;7,76
30.09.2021;7,76
01.10.2021;7,83
04.10.2021;7,83
05.10.2021;7,87
06.10.2021;7,94
07.10.2021;7,93
08.10.2021;7,91
11.10.2021;7,93
12.10.2021;7,91
13.10.2021;7,95
14.10.2021;7,97
15.10.2021;8,1
18.10.2021;8,08
19.10.2021;8,17
20.10.2021;8,11
21.10.2021;8,18
22.10.2021;8,15
25.10.2021;8,28
26.10.2021;8,39
27.10.2021;8,37
28.10.2021;8,44
29.10.2021;8,5
01.11.2021;8,57
02.11.2021;8,52
03.11.2021;8,6
05.11.2021;8,57
08.11.2021;8,66
09.11.2021;8,7
10.11.2021;8,74
11.11.2021;8,73
12.11.2021;8,73
15.11.2021;8,81
16.11.2021;8,92
17.11.2021;8,93
18.11.2021;8,97
19.11.2021;9,04
22.11.2021;9,28
23.11.2021;9,29
24.11.2021;9,26
25.11.2021;9,27
26.11.2021;9,3
29.11.2021;9,34
30.11.2021;9,28
01.12.2021;9,02
02.12.2021;9,02
03.12.2021;8,95
06.12.2021;8,95
07.12.2021;9,21
08.12.2021;8,95
09.12.2021;9,27
10.12.2021;9,33
13.12.2021;9,32
14.12.2021;9,33
15.12.2021;9,45
16.12.2021;9,43
17.12.2021;9,46
20.12.2021;9,36
21.12.2021;9,32
22.12.2021;9,27
23.12.2021;9,17
24.12.2021;9,14
27.12.2021;9,13
28.12.2021;9,12
29.12.2021;8,99
30.12.2021;8,72
03.01.2022;8,59
04.01.2022;8,52
05.01.2022;8,38
06.01.2022;8,41
10.01.2022;8,42
11.01.2022;8,66
12.01.2022;8,74
13.01.2022;8,82
14.01.2022;8,92
17.01.2022;9,24
18.01.2022;9,44
19.01.2022;9,66
20.01.2022;9,62
21.01.2022;9,66
24.01.2022;9,69
25.01.2022;9,99
26.01.2022;9,95
27.01.2022;10,09
28.01.2022;9,82
31.01.2022;9,8
01.02.2022;9,67
02.02.2022;9,85
03.02.2022;9,92
04.02.2022;9,82
07.02.2022;9,81
08.02.2022;9,72
09.02.2022;9,74
10.02.2022;9,79
11.02.2022;9,77
14.02.2022;9,88
15.02.2022;10,11
16.02.2022;10,07
17.02.2022;10,01
18.02.2022;10,16
21.02.2022;10,13
22.02.2022;10,62
24.02.2022;11,57
25.02.2022;14,42
28.03.2022;13,16
29.03.2022;15,33
30.03.2022;14,61
31.03.2022;14,57
01.04.2022;14,07
04.04.2022;13,81
05.04.2022;14,76
06.04.2022;14,24
07.04.2022;14,13
08.04.2022;14,5
11.04.2022;13,65
12.04.2022;13,4
13.04.2022;13,29
14.04.2022;13,34
15.04.2022;13,19
18.04.2022;13,35
19.04.2022;13,19
20.04.2022;13
21.04.2022;12,95
22.04.2022;11,99
25.04.2022;11,84
26.04.2022;12,33
27.04.2022;12,15
28.04.2022;12,07
29.04.2022;11,66
04.05.2022;11,6
05.05.2022;11,61
06.05.2022;12
11.05.2022;12,06
12.05.2022;12,04
13.05.2022;11,95
16.05.2022;11,91
17.05.2022;11,72
18.05.2022;11,6
19.05.2022;11,4
20.05.2022;11,62
23.05.2022;11,73
24.05.2022;11,67
25.05.2022;11,81
26.05.2022;11,59
27.05.2022;11,12
30.05.2022;11,06
31.05.2022;11,2
01.06.2022;10,85
02.06.2022;10,7
03.06.2022;10,45
06.06.2022;10,28
07.06.2022;9,7
08.06.2022;9,62
09.06.2022;9,54
10.06.2022;9,39
14.06.2022;9,41
15.06.2022;9,55
16.06.2022;9,55
17.06.2022;9,67
20.06.2022;9,47
21.06.2022;9,43
22.06.2022;9,73
23.06.2022;9,54
24.06.2022;9,51
27.06.2022;9,3
28.06.2022;9,49
29.06.2022;9,45
30.06.2022;9,63
01.07.2022;9,62
04.07.2022;9,48
05.07.2022;9,65
06.07.2022;9,51
07.07.2022;9,44
08.07.2022;9,45
11.07.2022;9,36
12.07.2022;9,33
13.07.2022;9,4
14.07.2022;9,56
15.07.2022;9,37
18.07.2022;9,28
19.07.2022;9,28
20.07.2022;9,34
21.07.2022;9,24
22.07.2022;8,92
25.07.2022;8,69
26.07.2022;8,71
27.07.2022;8,63
28.07.2022;8,59
29.07.2022;8,45
01.08.2022;8,42
02.08.2022;8,47
03.08.2022;8,44
04.08.2022;8,44
05.08.2022;8,4
08.08.2022;8,31
09.08.2022;8,39
10.08.2022;8,41
11.08.2022;8,58
12.08.2022;8,5
15.08.2022;8,45
16.08.2022;8,47
17.08.2022;8,52
18.08.2022;8,61
19.08.2022;8,54
22.08.2022;8,55
23.08.2022;8,69
24.08.2022;8,69
25.08.2022;8,58
26.08.2022;8,65
29.08.2022;8,6
30.08.2022;8,69
31.08.2022;8,65
01.09.2022;8,66
02.09.2022;8,63
05.09.2022;8,62
06.09.2022;8,61
07.09.2022;8,61
08.09.2022;8,64
09.09.2022;8,54
12.09.2022;8,54
13.09.2022;8,57
14.09.2022;8,53
15.09.2022;8,53
16.09.2022;8,54
19.09.2022;8,57
20.09.2022;8,98
21.09.2022;9,87
22.09.2022;9,18
23.09.2022;9,7
26.09.2022;10,84
27.09.2022;10,12
28.09.2022;9,81
29.09.2022;10,22
30.09.2022;10,36
03.10.2022;10,27
04.10.2022;9,5
05.10.2022;9,33
06.10.2022;9,61
07.10.2022;9,39
10.10.2022;9,4
11.10.2022;9,39
12.10.2022;9,58
13.10.2022;9,34
14.10.2022;9,01
17.10.2022;9,09
18.10.2022;9,1
19.10.2022;8,99
20.10.2022;9
21.10.2022;8,96
24.10.2022;8,85
25.10.2022;8,79
26.10.2022;8,9
27.10.2022;8,75
28.10.2022;8,72
31.10.2022;8,76
01.11.2022;8,8
02.11.2022;8,77
03.11.2022;8,78
07.11.2022;8,75
08.11.2022;8,82
09.11.2022;8,89
10.11.2022;8,82
11.11.2022;8,81
14.11.2022;8,79
15.11.2022;8,76
16.11.2022;8,73
17.11.2022;8,71
18.11.2022;8,71
21.11.2022;8,71
22.11.2022;8,74
23.11.2022;9,25
24.11.2022;8,94
25.11.2022;8,89
28.11.2022;8,92
29.11.2022;8,77
30.11.2022;8,92
01.12.2022;8,95
02.12.2022;8,95
05.12.2022;8,92
06.12.2022;8,87
07.12.2022;8,85
08.12.2022;8,77
09.12.2022;8,76
12.12.2022;8,74
13.12.2022;8,74
14.12.2022;8,79
15.12.2022;8,78
16.12.2022;8,86
19.12.2022;8,84
20.12.2022;8,88
21.12.2022;8,77
22.12.2022;8,72
23.12.2022;8,61
26.12.2022;8,81
27.12.2022;8,49
28.12.2022;8,53
29.12.2022;8,61
30.12.2022;8,58
03.01.2023;8,46
04.01.2023;8,49
05.01.2023;8,45
06.01.2023;8,47
09.01.2023;8,65
10.01.2023;8,62
11.01.2023;8,67
12.01.2023;8,77
13.01.2023;8,69
16.01.2023;8,66
17.01.2023;8,75
18.01.2023;8,79
19.01.2023;8,88
20.01.2023;8,78
23.01.2023;8,77
24.01.2023;8,83
25.01.2023;8,75
26.01.2023;8,7
27.01.2023;8,81
30.01.2023;8,73
31.01.2023;8,83
01.02.2023;8,75
02.02.2023;8,76
03.02.2023;8,79
06.02.2023;8,86
07.02.2023;8,83
08.02.2023;8,72
09.02.2023;8,81
10.02.2023;8,82
13.02.2023;8,88
14.02.2023;9,02
15.02.2023;9,07
16.02.2023;9,1
17.02.2023;9,21
20.02.2023;9,26
21.02.2023;9,26
22.02.2023;9,16
24.02.2023;9,07
27.02.2023;9,19
28.02.2023;9,11
01.03.2023;9,11
02.03.2023;9,15
03.03.2023;9,06
06.03.2023;9
07.03.2023;9,05
09.03.2023;9,04
10.03.2023;9,01
13.03.2023;9,07
14.03.2023;9,11
15.03.2023;9,09
16.03.2023;9,06
17.03.2023;8,98
20.03.2023;9,11
21.03.2023;9,02
22.03.2023;9,07
23.03.2023;9,05
24.03.2023;9,1
27.03.2023;9,11
28.03.2023;9,07
29.03.2023;9,25
30.03.2023;9,13
31.03.2023;9,16
03.04.2023;9,15
04.04.2023;9,06
05.04.2023;9,12
06.04.2023;9,09
07.04.2023;9,16
10.04.2023;9,16
11.04.2023;9,12
12.04.2023;9,06
13.04.2023;9,06
14.04.2023;9,08
17.04.2023;9,15
18.04.2023;9,18
19.04.2023;9,17
20.04.2023;9,13
21.04.2023;9,17
24.04.2023;9,12
25.04.2023;9,14
26.04.2023;9,17
27.04.2023;9,12
28.04.2023;9,11
02.05.2023;9,14
03.05.2023;9,09
04.05.2023;9,08
05.05.2023;9,11
08.05.2023;9,04
10.05.2023;8,96
11.05.2023;9,05
12.05.2023;9,04
15.05.2023;9,03
16.05.2023;9
17.05.2023;9,01
18.05.2023;8,98
19.05.2023;9,07
22.05.2023;9
23.05.2023;8,95
24.05.2023;9,03
25.05.2023;8,97
26.05.2023;8,91
29.05.2023;8,94
30.05.2023;8,98
31.05.2023;8,94
